{"averageTrainLoss": [1.10498536667323], "charErrorRates": [0.08075639599555061], "wordAccuracies": [0.8416579951439472]}